Player1,First Name,Last Name
Yurtseven Omer,Omer,Yurtseven
Abalde Alberto,Alberto,Abalde
Abass Awudu,Awudu,Abass
Ajinca Melvin,Melvin,Ajinca
Yilmaz Erkan,Erkan,Yilmaz
Vesely Jan,Jan,Vesely
Vautier Bastien,Bastien,Vautier
Ulanovas Edgaras,Edgaras,Ulanovas
Tubelis Azuolas,Azuolas,Tubelis
Traore Armel,Armel,Traore
Thompson Darius,Darius,Thompson
Taylor Kameron,Kameron,Taylor
Taylor Brandon,Brandon,Taylor
Tavares Walter,Walter,Tavares
Brooks Armoni,Armoni,Brooks
Brizuela Dario,Dario,Brizuela
Brissett Oshae,O'Shae J,Brissett
Brazdeikis Ignas,Ignas,Brazdeikis
Booker Devin,Devin,Booker
Bolmaro Leandro,Leandro,Bolmaro
Blatt Tamir,Tamir,Blatt
Bitim Onuralp,Onuralp,Bitim
Birutis Laurynas,Laurynas,Birutis
Birsen Metecan,Metecan,Birsen
Birch Khem,Khem,Birch
Da Silva Oscar,Oscar,Da Silva
Costello Matthew,Matthew,Costello
Cordinier Isaia,Isaia,Cordinier
Colson Bonzie,Bonzie,Colson
Clyburn Will,Will,Clyburn
Clark III Jimmy,Jimmy,Clark Iii
Cavaliere Leopold,Leopold,Cavaliere
Campazzo Facundo,Facundo,Campazzo
Cale Myles,Myles,Cale
Butkevicius Arnas,Arnas,Butkevicius
Spagnolo Matteo,Matteo,Spagnolo
Sorkin Roman,Roman,Sorkin
Smits Rolands,Rolands,Smits
Smailagic Alen,Alen,Smailagic
Sloukas Kostas,Kostas,Sloukas
Sleva Dustin,Dustin,Sleva
Sirvydis Deividas,Deividas,Sirvydis
Simmons Kobi,Kobi,Simmons
Shorts TJ,Tj,Shorts
Shields Shavon,Shavon,Shields
Shengelia Tornike,Tornike,Shengelia
Shahrvin Enzo,Enzo,Shahrvin
Sestina Nathan,Nathan,Sestina
Seljaas Zachary,Zachary,Seljaas
Sedekerskis Tadas,Tadas,Sedekerskis
Satoransky Tomas,Tomas,Satoransky
Dokossi Allan,Allan,Dokossi
Dobric Ognjen,Ognjen,Dobric
Diouf Mouhamet,Mouhamet,Diouf
Diop Khalifa,Khalifa,Diop
Dibartolomeo John,John,Dibartolomeo
Diallo Hamidou,Hamidou,Diallo
Diakite Mamadi,Mamadi,Diakite
Deck Gabriel,Gabriel,Deck
De Colo Nando,Nando,De Colo
Davidovac Dejan,Dejan,Davidovac
Frisch Clement,Clement,Frisch
Francisco Sylvain,Sylvain,Francisco
Faye Mouhamed,Mouhamed,Faye
Ellis Quinn,Quinn,Ellis
Edwards Carsen,Carsen,Edwards
Dunston Bryant,Bryant,Dunston
Dozier Pj,Pj,Dozier
Dowtin Jr Jeffrey,Jeffrey,Dowtin Jr
Dos Santos Yago,Yago,Dos Santos
Hernangomez Juancho,Juancho,Hernangomez
Hazer Sehmus,Sehmus,Hazer
Hall Devon,Devon,Hall
Hackett Daniel,Daniel,Hackett
Guduric Marko,Marko,Guduric
Grant Jerian,Jerian,Grant
Garuba Usman,Usman,Garuba
Gabriel Wenyen,Wenyen,Gabriel
Santos Marcio,Marcio,Santos
Sanli Sertac,Sertac,Sanli
Sako Neal,Neal,Sako
Rubstavicius Mantas,Mantas,Rubstavicius
Robinson Justin,Justin,Robinson
Ricci Giampaolo,Giampaolo,Ricci
Reuvers Nathan,Nathan,Reuvers
Rayman William,William,Rayman
Rathan-Mayes Xavier,Xavier,Rathan-Mayes
Punter Kevin,Kevin,Punter
Puerto Josep,Josep,Puerto
Jantunen Mikael,Mikael,Jantunen
Jallow Karim,Karim,Jallow
Izundu Ebuka,Ebuka,Izundu
Horton Tucker Talen,Talen,Horton Tucker
Hommes Daulton,Daulton,Hommes
Holmes Richaun,Richaun,Holmes
Hoard Jaylen,Jaylen,Hoard
Hifi Nadir,Nadir,Hifi
Hezonja Mario,Mario,Hezonja
Herrera Sebastian,Sebastian,Herrera
Hernangomez Willy,Willy,Hernangomez
Prepelic Klemen,Klemen,Prepelic
Pradilla Jaime,Jaime,Pradilla
Petrusev Filip,Filip,Petrusev
Parra Joel,Joel,Parra
Pajola Alessandro,Alessandro,Pajola
Ouattara Yakuba,Yakuba,Ouattara
Osmani Ercan,Ercan,Osmani
Osman Cedi,Cedi,Osman
Kramer David,David,Kramer
Kondic Kosta,Kosta,Kondic
Kalinic Nikola,Nikola,Kalinic
Kalaitzakis Panagiotis,Panagiotis,Kalaitzakis
Kabengele Mfiondu,Mfiondu,Kabengele
Jovic Stefan,Stefan,Jovic
Jones Kai,Kai,Jones
Joksimovic Stefan,Stefan,Joksimovic
Jessup Justinian,Justinian,Jessup
Okeke Chuma,Chuma,Okeke
Ojeleye Semi,Semi,Ojeleye
Obst Andreas,Andreas,Obst
Nunn Kendrick,Kendrick,Nunn
Nowell Markquis,Markquis,Nowell
Norris Miles,Miles,Norris
Nogues Isaac,Isaac,Nogues
Niang Saliou,Saliou,Niang
Ngouama Mehdy,Mehdy,Ngouama
Luwawu-Cabarrot Timothe,Timothe,Luwawu-Cabarrot
Lucic Vladimir,Vladimir,Lucic
Loyd Jordan,Jordan,Loyd
Lopez-Arostegui Xabi,Xabi,Lopez-Arostegui
Lo Maodo,Maodo,Lo
Llull Sergio,Sergio,Llull
Lighty David,David,Lighty
Leaf TJ,Tj,Leaf
Larkin Shane,Shane,Larkin
Kurucs Rodions,Rodions,Kurucs
Kratzer Leon,Leon,Kratzer
Miljenovic Stefan,Stefan,Miljenovic
Mike Isiaha,Isiaha,Mike
Melli Nicolo,Nicolo,Melli
Massa Bodian,Bodian,Massa
Marcos Juani,Juani,Marcos
Mannion Niccolo,Niccolo,Mannion
Maledon Theo,Theo,Maledon
M'Baye Amath,Amath,M'Baye
Lyles Trey,Trey,Lyles
Ndiaye Mbaye,Mbaye,Ndiaye
Motiejunas Donatas,Donatas,Motiejunas
Morgan Matthew,Matthew,Morgan
Moore Omari,Omari,Moore
Montero Jean,Jean,Montero
Moneke Chima,Chima,Moneke
Mitoglou Konstantinos,Konstantinos,Mitoglou
Miller-McIntyre Codi,Codi,Miller-Mcintyre
Wright Moses,Moses,Wright
Wright IV McKinley,Mckinley,Wright Iv
Willis Derek,Derek,Willis
Wilbekin Scottie,Scottie,Wilbekin
Weiler-Babb Nick,Nick,Weiler-Babb
Watson Glynn,Glynn,Watson
Walker IV Lonnie,Lonnie,Walker Iv
Villar Rafa,Rafa,Villar
Vildoza Luca,Luca,Vildoza
Biberovic Tarik,Tarik,Biberovic
Bertans Davis,Davis,Bertans
Baldwin Kamar,Kamar,Baldwin
Baldwin IV Wade,Wade,Baldwin Iv
Badio Brancou,Brancou,Badio
Bacot Jr Armando,Armando,Bacot Jr.
Bacon Dwayne,Dwayne,Bacon
Ayayi Joel,Joel,Ayayi
Atamna Adam,Adam,Atamna
Armstrong Taran,Taran,Armstrong
Anderson Justin,Justin,Anderson
Alston Jr Derrick,Derrick,Alston Jr.
Andjusic Danilo,Danilo,Andjusic
Antetokounmpo Kostas,Kostas,Antetokounmpo
Bako Ismael,Ismael,Bako
Beaubois Rodrigue,Rodrigue,Beaubois
Voigtmann Johannes,Johannes,Voigtmann
Wainright Ish,Ish,Wainright
Walkup Thomas,Thomas,Walkup
Ward Tyson,Tyson,Ward
Washington Duane,Duane,Washington
Williams-Goss Nigel,Nigel,Williams-Goss
Almansa Izan,Izan,Almansa
Milton Shake,Shake,Milton
Milutinov Nikola,Nikola,Milutinov
Mirotic Nikola,Nikola,Mirotic
Morgan Jeremy,Jeremy,Morgan
Motley Johnathan,Johnathan,Motley
Musa Dzanan,Dzanan,Musa
Muurinen Miikka,Miikka,Muurinen
Nebo Josh,Josh,Nebo
Mahmutoglu Melih,Melih,Mahmutoglu
Malcolm Collin,Collin,Malcolm
Marinkovic Vanja,Vanja,Marinkovic
McCormack David,David,Mccormack
Mckissic Shaquielle,Shaquielle,Mckissic
Micic Vasilije,Vasilije,Micic
Mijailovic Uros,Uros,Mijailovic
Lakic Arijan,Arijan,Lakic
Laprovittola Nicolas,Nicolas,Laprovittola
Larentzakis Giannoulis,Giannoulis,Larentzakis
Leday Zach,Zach,Leday
Lee Saben,Saben,Lee
Nedovic Nemanja,Nemanja,Nedovic
Netzipoglou Omiros,Omiros,Netzipoglou
Ntilikina Frank,Frank,Ntilikina
Nwora Jordan,Jordan,Nwora
Odiase Tai,Tai,Odiase
Okobo Elie,Elie,Okobo
Osetkowski Dylan,Dylan,Osetkowski
Jones Carlik,Carlik,Jones
Jones Chris,Chris,Jones
Jones Tyrique,Tyrique,Jones
Kamenjas Kenan,Kenan,Kamenjas
Keita Sayon,Sayon,Keita
Kouzeloglou Ioannis,Ioannis,Kouzeloglou
Kramer David,David,Kraemer
Oturu Dan,Dan,Oturu
Palatin Guy,Guy,Palatin
Papagiannis Georgios,Georgios,Papagiannis
Papanikolaou Kostas,Kostas,Papanikolaou
Parker Jabari,Jabari,Parker
Peters Alec,Alec,Peters
Plavsic Uros,Uros,Plavsic
Pokusevski Aleksej,Aleksej,Pokusevski
Hollatz Justus,Justus,Hollatz
Howard Markus,Markus,Howard
Iroegbu Ike,Ike,Iroegbu
Jackson Edwin,Edwin,Jackson
James Mike,Mike,James
Radosic Ognjen,Ognjen,Radosic
Rivero Jasiel,Jasiel,Rivero
Rogkavopoulos Nikolaos,Nikolaos,Rogkavopoulos
Samanic Luka,Luka,Samanic
Samodurov Alexandros,Alexandros,Samodurov
Giffey Niels,Niels,Giffey
Ginat Tomer,Tomer,Ginat
Grigonis Marius,Marius,Grigonis
Grinvalds Gunars,Gunars,Grinvalds
Gur Lavi,Lavi,Gur
Hall Donta,Donta,Hall
Harrison Shaquille,Shaquille,Harrison
Hayes Kevarrius,Kevarrius,Hayes
Ebuka Izundu,Izundu,Ebuka
Ennis Tyler,Tyler,Ennis
Fall Youssoupha,Youssoupha,Fall
Feliz Andres,Andres,Feliz
Fernando Bruno,Bruno,Fernando
Forrest Trent,Trent,Forrest
Fournier Evan,Evan,Fournier
De Larrea Sergio,Sergio,De Larrea
Dessert Brice,Brice,Dessert
Diallo Alpha,Alpha,Diallo
Diarra Aliou,Aliou,Diarra
Diop Ousmane,Ousmane,Diop
Dorsey Tyler,Tyler,Dorsey
Brown Lorenzo,Lorenzo,Brown
Brown Sterling,Sterling,Brown
Bryant Elijah,Elijah,Bryant
Cancar Vlatko,Vlatko,Cancar
Carter Tyson,Tyson,Carter
Dangubic Nemanja,Nemanja,Dangubic
Blakeney Antonio,Antonio,Blakeney
Blossomgame Jaron,Jaron,Blossomgame
Bonga Isaac,Isaac,Bonga
Bosnjakovic Mitar,Mitar,Bosnjakovic
Boston Jr Brandon,Brandon,Boston Jr.
Strazel Matthew,Matthew,Strazel
Swider Cole,Cole,Swider
Tarpey Terry,Terry,Tarpey
Theis Daniel,Daniel,Theis
Toliopoulos Vassilis,Vassilis,Toliopoulos
Trifunovic Uros,Uros,Trifunovic
Vezenkov Sasha,Sasha,Vezenkov
Akele Nicola,Nicola,Akele
Zagars Arturs,Arturs,Zagars
